Sub Domains,SSL Expiry Date,days_until_expiry
mail1.accessworld.net,2026-02-07,357.0
mon1.accessworld.net:3000,2026-02-07,357.0
mx-01.accessworld.net:8006,2026-02-07,357.0
gitlab-internal.accessworld.net,2026-02-07,357.0
mon1.accessworld.net:3000,2026-02-07,357.0
mon2.accessworld.net,2026-02-07,357.0
dcvms.accessworld.net,2026-02-07,357.0
accessworld.net,2026-02-07,357.0
ticket.accessworld.net,2026-02-07,357.0
wiki1.accessworld.net,2026-02-07,357.0
share.accessworld.net,2026-02-07,357.0
docs.accessworld.net,2026-02-07,357.0
makuri.accessworld.net,2025-04-20,64.0
mydns.accessworld.net:8080,2026-02-07,357.0
hulaki.accessworld.net,2025-04-21,65.0
cpanel-edge.accessworld.net,2026-02-07,357.0
dcim2.accessworld.net,2025-04-21,65.0
awtmail.awt.cloud,2025-12-15,303.0
google.com,2025-04-21,65.0
facebook.com,2025-02-21,6.0
git.accessworld.net,2026-02-07,357.0
office.accessworld.net,2026-02-07,357.0
mail.accessworld.net,2026-02-07,357.0
samundrarajbajracharya.com.np,2025-05-04,78.0
test,Error: Could not retrieve SSL expiry,-1.0
smtp-01.accessworld.net:8006,2026-02-07,357.0
smtp-02.accessworld.net:8006,2026-02-07,357.0
test.com,2025-01-01,-30

